INSERT INTO users (id, name, email, password_hash, role) VALUES ('usr_5', 'Thejaswin P S', 'thejaswinps@gmail.com', 'ef92b778bafe771e8929ab57e5377873737ec59ff6d8d5fb9f668c7e2b347632', 'super_admin');
INSERT INTO users (id, name, email, password_hash, role) VALUES ('usr_1', 'Sarah Jenkins', 'superadmin@thescene.co', 'ef92b778bafe771e8929ab57e5377873737ec59ff6d8d5fb9f668c7e2b347632', 'super_admin');
INSERT INTO users (id, name, email, password_hash, role) VALUES ('usr_2', 'Alex Rivera', 'admin@thescene.co', 'ef92b778bafe771e8929ab57e5377873737ec59ff6d8d5fb9f668c7e2b347632', 'admin');
INSERT INTO users (id, name, email, password_hash, role) VALUES ('usr_3', 'Emily Chen', 'manager@thescene.co', 'ef92b778bafe771e8929ab57e5377873737ec59ff6d8d5fb9f668c7e2b347632', 'manager');
INSERT INTO users (id, name, email, password_hash, role) VALUES ('usr_4', 'Marcus Vance', 'viewer@thescene.co', 'ef92b778bafe771e8929ab57e5377873737ec59ff6d8d5fb9f668c7e2b347632', 'viewer');
INSERT INTO brands (id, name, company_name, industry, contact_person, designation, email, phone, website, budget_range, address, notes) VALUES ('brd_1', 'Nike', 'Nike India Pvt Ltd', 'Sports & Apparel', 'Rohit Sharma', 'Marketing Director', 'rohit.sharma@nike.com', '+91 98765 43210', 'https://nike.com', '₹1,000,000 - ₹5,000,000', 'Prestige Lexicon, Bangalore, Karnataka', 'Focused on running and fitness influencers. Prefers Reels and YouTube integrations.');
INSERT INTO brands (id, name, company_name, industry, contact_person, designation, email, phone, website, budget_range, address, notes) VALUES ('brd_2', 'OnePlus', 'OnePlus Technology Co. Ltd', 'Tech & Electronics', 'Vikas Agarwal', 'PR Lead', 'vikas@oneplus.com', '+91 98123 45678', 'https://oneplus.in', '₹2,000,000 - ₹10,000,000', 'UB City, Bangalore, Karnataka', 'Launches new flagship phones twice a year. High standard of video quality required.');
INSERT INTO brands (id, name, company_name, industry, contact_person, designation, email, phone, website, budget_range, address, notes) VALUES ('brd_3', 'Zara', 'Inditex Trent Retail India', 'Fashion & Retail', 'Ananya Roy', 'Brand Manager', 'ananya.roy@zara.com', '+91 99887 76655', 'https://zara.com', '₹500,000 - ₹2,000,000', 'Phoenix Marketcity, Mumbai, Maharashtra', 'Mainly collaborates on aesthetic Instagram Carousels and Outfit-of-the-Day (OOTD) Reels.');
INSERT INTO brands (id, name, company_name, industry, contact_person, designation, email, phone, website, budget_range, address, notes) VALUES ('brd_4', 'Whole Foods Co', 'Whole Foods Organic India', 'Food & Beverage', 'Suresh Menon', 'Campaign Lead', 'suresh@wholefoods.in', '+91 91234 56789', 'https://wholefoodsco.in', '₹100,000 - ₹500,000', 'Indiranagar, Bangalore, Karnataka', 'Focuses on organic products, vegan recipes, and clean eating creators. Accepts barter for nano/micro creators.');
INSERT INTO brands (id, name, company_name, industry, contact_person, designation, email, phone, website, budget_range, address, notes) VALUES ('brd_5', 'L''Oreal', 'L''Oreal India Ltd', 'Beauty & Cosmetics', 'Priya Tandon', 'Influencer Marketing Specialist', 'priya.tandon@loreal.com', '+91 90000 11111', 'https://loreal.co.in', '₹1,500,000 - ₹6,000,000', 'Bandra Kurla Complex, Mumbai, Maharashtra', 'Requires makeup tutorials, product reviews, and lifestyle vlogs. Strong emphasis on skin demographics.');
INSERT INTO influencers (id, full_name, username, email, phone, dob, gender, bio, website, profile_photo, instagram_handle, instagram_url, youtube_handle, youtube_url, linkedin_handle, linkedin_url, facebook_handle, facebook_url, twitter_handle, twitter_url, snapchat, moj, josh, sharechat, followers, avg_reach, avg_reel_reach, avg_story_reach, avg_post_reach, avg_views, avg_likes, avg_comments, avg_shares, avg_saves, engagement_rate, male_audience_pct, female_audience_pct, age_13_17_pct, age_18_24_pct, age_25_34_pct, age_35_44_pct, age_45_plus_pct, top_cities, top_states, top_countries, country, state, city, area, pincode, primary_lang, secondary_langs, tier, story_price, static_post_price, carousel_price, reel_price, youtube_integration_price, event_appearance_price, ugc_video_price, availability_status, content_quality_rating, communication_rating, professionalism_rating, reliability_rating, brand_fit_rating, notes, strengths, weaknesses, preferred_brands, brands_avoided, reach_score, engagement_score, content_quality_score, communication_score, campaign_performance_score, overall_score, overall_grade) VALUES ('inf_1', 'Rohan Kulkarni', 'rohan_travels', 'rohan@gmail.com', '+91 98801 12233', '1995-04-12', 'Male', 'Exploring hidden gems across India. Visual storyteller and photographer.', 'https://rohantravels.com', 'https://images.unsplash.com/photo-1507003211169-0a1dd7228f2d?auto=format&fit=crop&w=150&h=150&q=80', 'rohan_travels', 'https://instagram.com/rohan_travels', 'RohanTravelsVlogs', 'https://youtube.com/c/RohanTravelsVlogs', 'rohan-kulkarni', 'https://linkedin.com/in/rohan-kulkarni', '', '', 'rohan_travels', 'https://x.com/rohan_travels', 'rohan_snap', '', '', '', 125000, 45000, 80000, 15000, 30000, 65000, 8500, 420, 1200, 850, 6.8, 55, 45, 10, 45, 35, 8, 2, '["Bangalore","Mumbai","Pune"]', '["Karnataka","Maharashtra","Delhi"]', '["India","United Arab Emirates"]', 'India', 'Karnataka', 'Bangalore', 'Indiranagar', '560038', 'Kannada', '["English","Hindi"]', 'Mid', 12000, 20000, 25000, 35000, 60000, 45000, 20000, 'Available', 9, 8, 9, 9, 8, 'Very professional, delivers content on time. Excellent color grading on videos.', 'Drone shots, cinematic editing, engaging travel itineraries.', 'Slightly high rates for smaller campaigns.', 'Gopro, Decathlon, Nike', 'Fast fashion brands, cheap electronics', 78, 100, 90, 80, 87, 87, 'A');
INSERT INTO influencer_categories (influencer_id, category) VALUES ('inf_1', 'Travel');
INSERT INTO influencer_categories (influencer_id, category) VALUES ('inf_1', 'Photography');
INSERT INTO influencer_categories (influencer_id, category) VALUES ('inf_1', 'UGC Creator');
INSERT INTO influencer_languages (influencer_id, language) VALUES ('inf_1', 'Kannada');
INSERT INTO influencer_languages (influencer_id, language) VALUES ('inf_1', 'English');
INSERT INTO influencer_languages (influencer_id, language) VALUES ('inf_1', 'Hindi');
INSERT INTO influencers (id, full_name, username, email, phone, dob, gender, bio, website, profile_photo, instagram_handle, instagram_url, youtube_handle, youtube_url, linkedin_handle, linkedin_url, facebook_handle, facebook_url, twitter_handle, twitter_url, snapchat, moj, josh, sharechat, followers, avg_reach, avg_reel_reach, avg_story_reach, avg_post_reach, avg_views, avg_likes, avg_comments, avg_shares, avg_saves, engagement_rate, male_audience_pct, female_audience_pct, age_13_17_pct, age_18_24_pct, age_25_34_pct, age_35_44_pct, age_45_plus_pct, top_cities, top_states, top_countries, country, state, city, area, pincode, primary_lang, secondary_langs, tier, story_price, static_post_price, carousel_price, reel_price, youtube_integration_price, event_appearance_price, ugc_video_price, availability_status, content_quality_rating, communication_rating, professionalism_rating, reliability_rating, brand_fit_rating, notes, strengths, weaknesses, preferred_brands, brands_avoided, reach_score, engagement_score, content_quality_score, communication_score, campaign_performance_score, overall_score, overall_grade) VALUES ('inf_2', 'Priya Sharma', 'priya_fit_life', 'priya.fit@gmail.com', '+91 99000 88888', '1998-08-25', 'Female', 'Certified nutritionist. Helping you build a sustainable healthy lifestyle.', '', 'https://images.unsplash.com/photo-1494790108377-be9c29b29330?auto=format&fit=crop&w=150&h=150&q=80', 'priya_fit_life', 'https://instagram.com/priya_fit_life', 'PriyaFitLife', 'https://youtube.com/c/PriyaFitLife', '', '', '', '', '', '', '', 'priyamoj', '', '', 45000, 18000, 32000, 8000, 12000, 25000, 2200, 150, 800, 950, 5.2, 30, 70, 15, 50, 25, 8, 2, '["Mumbai","Bangalore","Delhi"]', '["Maharashtra","Karnataka","Delhi"]', '["India"]', 'India', 'Maharashtra', 'Mumbai', 'Bandra West', '400050', 'Hindi', '["English"]', 'Micro', 6000, 10000, 12000, 18000, 35000, 25000, 12000, 'Available', 8, 9, 8, 8, 9, 'Great engagement on diet charts. Friendly and responds very fast.', 'Recipe reels, detailed supplement reviews, workout tips.', 'Requires full creative control over captions.', 'Myprotein, Whole Foods Co, Cult.fit', 'Junk food brands, weight loss teas', 72, 78, 80, 90, 83, 81, 'A');
INSERT INTO influencer_categories (influencer_id, category) VALUES ('inf_2', 'Fitness');
INSERT INTO influencer_categories (influencer_id, category) VALUES ('inf_2', 'Health');
INSERT INTO influencer_categories (influencer_id, category) VALUES ('inf_2', 'Food');
INSERT INTO influencer_languages (influencer_id, language) VALUES ('inf_2', 'Hindi');
INSERT INTO influencer_languages (influencer_id, language) VALUES ('inf_2', 'English');
INSERT INTO influencers (id, full_name, username, email, phone, dob, gender, bio, website, profile_photo, instagram_handle, instagram_url, youtube_handle, youtube_url, linkedin_handle, linkedin_url, facebook_handle, facebook_url, twitter_handle, twitter_url, snapchat, moj, josh, sharechat, followers, avg_reach, avg_reel_reach, avg_story_reach, avg_post_reach, avg_views, avg_likes, avg_comments, avg_shares, avg_saves, engagement_rate, male_audience_pct, female_audience_pct, age_13_17_pct, age_18_24_pct, age_25_34_pct, age_35_44_pct, age_45_plus_pct, top_cities, top_states, top_countries, country, state, city, area, pincode, primary_lang, secondary_langs, tier, story_price, static_post_price, carousel_price, reel_price, youtube_integration_price, event_appearance_price, ugc_video_price, availability_status, content_quality_rating, communication_rating, professionalism_rating, reliability_rating, brand_fit_rating, notes, strengths, weaknesses, preferred_brands, brands_avoided, reach_score, engagement_score, content_quality_score, communication_score, campaign_performance_score, overall_score, overall_grade) VALUES ('inf_3', 'Kabir Mehta', 'kabir_techs', 'kabir@mehtatech.com', '+91 97766 55443', '1993-11-02', 'Male', 'Unboxing tomorrow''s tech today. Detailed reviews & setup inspiration.', 'https://mehtatech.com', 'https://images.unsplash.com/photo-1500648767791-00dcc994a43e?auto=format&fit=crop&w=150&h=150&q=80', 'kabir_techs', 'https://instagram.com/kabir_techs', 'KabirTechReviews', 'https://youtube.com/c/KabirTechReviews', 'kabirmehta', 'https://linkedin.com/in/kabirmehta', '', '', 'kabir_techs', 'https://x.com/kabir_techs', '', '', '', '', 680000, 220000, 410000, 45000, 180000, 350000, 38000, 2900, 4500, 3800, 6, 88, 12, 18, 48, 26, 6, 2, '["Delhi","Bangalore","Mumbai"]', '["Delhi","Karnataka","Maharashtra"]', '["India","United States","Singapore"]', 'India', 'Delhi', 'Delhi', 'Connaught Place', '110001', 'English', '["Hindi"]', 'Macro', 35000, 60000, 75000, 95000, 180000, 100000, 50000, 'Busy', 10, 7, 10, 9, 9, 'Top-tier videography. Studio setup is state-of-the-art. Highly sought after for phone launches.', 'Ultra-high quality video, detailed specifications breakdown, loyal subscriber base.', 'Rigid timeline, strictly non-negotiable rates.', 'Apple, OnePlus, Samsung, Asus', 'Low-end generic accessories', 90, 90, 100, 70, 93, 89, 'A');
INSERT INTO influencer_categories (influencer_id, category) VALUES ('inf_3', 'Tech');
INSERT INTO influencer_categories (influencer_id, category) VALUES ('inf_3', 'Gaming');
INSERT INTO influencer_categories (influencer_id, category) VALUES ('inf_3', 'Lifestyle');
INSERT INTO influencer_languages (influencer_id, language) VALUES ('inf_3', 'English');
INSERT INTO influencer_languages (influencer_id, language) VALUES ('inf_3', 'Hindi');
INSERT INTO influencers (id, full_name, username, email, phone, dob, gender, bio, website, profile_photo, instagram_handle, instagram_url, youtube_handle, youtube_url, linkedin_handle, linkedin_url, facebook_handle, facebook_url, twitter_handle, twitter_url, snapchat, moj, josh, sharechat, followers, avg_reach, avg_reel_reach, avg_story_reach, avg_post_reach, avg_views, avg_likes, avg_comments, avg_shares, avg_saves, engagement_rate, male_audience_pct, female_audience_pct, age_13_17_pct, age_18_24_pct, age_25_34_pct, age_35_44_pct, age_45_plus_pct, top_cities, top_states, top_countries, country, state, city, area, pincode, primary_lang, secondary_langs, tier, story_price, static_post_price, carousel_price, reel_price, youtube_integration_price, event_appearance_price, ugc_video_price, availability_status, content_quality_rating, communication_rating, professionalism_rating, reliability_rating, brand_fit_rating, notes, strengths, weaknesses, preferred_brands, brands_avoided, reach_score, engagement_score, content_quality_score, communication_score, campaign_performance_score, overall_score, overall_grade) VALUES ('inf_4', 'Sneha Sen', 'snehasen_beauty', 'snehasen@gmail.com', '+91 96111 22233', '1997-02-15', 'Female', 'Skincare enthusiast & bridal makeup artist. Glow from within.', '', 'https://images.unsplash.com/photo-1534528741775-53994a69daeb?auto=format&fit=crop&w=150&h=150&q=80', 'snehasen_beauty', 'https://instagram.com/snehasen_beauty', '', '', '', '', '', '', '', '', '', '', '', '', 82000, 29000, 55000, 12000, 22000, 48000, 4100, 320, 980, 1450, 5.4, 8, 92, 12, 44, 32, 10, 2, '["Kolkata","Mumbai","Delhi"]', '["West Bengal","Maharashtra","Delhi"]', '["India"]', 'India', 'West Bengal', 'Kolkata', 'Salt Lake', '700091', 'Bengali', '["English","Hindi"]', 'Micro', 8000, 15000, 18000, 25000, 0, 35000, 15000, 'Available', 8, 8, 8, 7, 8, 'High save rate on makeup tutorials. Very relatable tone.', 'Detailed skincare routines, honest beauty product reviews.', 'Sometimes requires reminders to send draft links.', 'L''Oreal, Mac Cosmetics, Nykaa', 'Unregulated skin-lightening creams', 76, 81, 80, 80, 77, 79, 'B');
INSERT INTO influencer_categories (influencer_id, category) VALUES ('inf_4', 'Beauty');
INSERT INTO influencer_categories (influencer_id, category) VALUES ('inf_4', 'Luxury');
INSERT INTO influencer_categories (influencer_id, category) VALUES ('inf_4', 'UGC Creator');
INSERT INTO influencer_languages (influencer_id, language) VALUES ('inf_4', 'Bengali');
INSERT INTO influencer_languages (influencer_id, language) VALUES ('inf_4', 'English');
INSERT INTO influencer_languages (influencer_id, language) VALUES ('inf_4', 'Hindi');
INSERT INTO influencers (id, full_name, username, email, phone, dob, gender, bio, website, profile_photo, instagram_handle, instagram_url, youtube_handle, youtube_url, linkedin_handle, linkedin_url, facebook_handle, facebook_url, twitter_handle, twitter_url, snapchat, moj, josh, sharechat, followers, avg_reach, avg_reel_reach, avg_story_reach, avg_post_reach, avg_views, avg_likes, avg_comments, avg_shares, avg_saves, engagement_rate, male_audience_pct, female_audience_pct, age_13_17_pct, age_18_24_pct, age_25_34_pct, age_35_44_pct, age_45_plus_pct, top_cities, top_states, top_countries, country, state, city, area, pincode, primary_lang, secondary_langs, tier, story_price, static_post_price, carousel_price, reel_price, youtube_integration_price, event_appearance_price, ugc_video_price, availability_status, content_quality_rating, communication_rating, professionalism_rating, reliability_rating, brand_fit_rating, notes, strengths, weaknesses, preferred_brands, brands_avoided, reach_score, engagement_score, content_quality_score, communication_score, campaign_performance_score, overall_score, overall_grade) VALUES ('inf_5', 'Vikram Malhotra', 'vikram_wheels', 'vikram@wheelsmedia.in', '+91 95555 44444', '1991-09-22', 'Male', 'Supercars, bikes, and open roads. Automotive editor and reviewer.', 'https://wheelsmedia.in', 'https://images.unsplash.com/photo-1506794778202-cad84cf45f1d?auto=format&fit=crop&w=150&h=150&q=80', 'vikram_wheels', 'https://instagram.com/vikram_wheels', 'VikramWheelsTV', 'https://youtube.com/c/VikramWheelsTV', 'vikram-malhotra-wheels', 'https://linkedin.com/in/vikram-malhotra-wheels', '', '', 'vikram_wheels', 'https://x.com/vikram_wheels', '', '', '', '', 1200000, 420000, 890000, 85000, 350000, 950000, 92000, 5400, 15000, 8200, 8.1, 94, 6, 20, 50, 22, 6, 2, '["Mumbai","Delhi","Pune"]', '["Maharashtra","Delhi","Karnataka"]', '["India","Germany","United Kingdom"]', 'India', 'Maharashtra', 'Mumbai', 'Juhu', '400049', 'English', '["Hindi"]', 'Mega', 60000, 110000, 130000, 180000, 300000, 200000, 90000, 'Booked', 10, 9, 9, 10, 8, 'Mega creator. Exceptional production quality (uses professional camera crews). High conversion rates for automobile brands.', 'Thorough testing, track day reviews, high speed action shots.', 'Very expensive. Booked out 2 months in advance.', 'BMW, Audi, Mercedes, OnePlus', 'Local motor parts, suspicious performance boosters', 94, 100, 100, 90, 90, 95, 'A+');
INSERT INTO influencer_categories (influencer_id, category) VALUES ('inf_5', 'Automobile');
INSERT INTO influencer_categories (influencer_id, category) VALUES ('inf_5', 'Luxury');
INSERT INTO influencer_categories (influencer_id, category) VALUES ('inf_5', 'Business');
INSERT INTO influencer_languages (influencer_id, language) VALUES ('inf_5', 'English');
INSERT INTO influencer_languages (influencer_id, language) VALUES ('inf_5', 'Hindi');
INSERT INTO influencers (id, full_name, username, email, phone, dob, gender, bio, website, profile_photo, instagram_handle, instagram_url, youtube_handle, youtube_url, linkedin_handle, linkedin_url, facebook_handle, facebook_url, twitter_handle, twitter_url, snapchat, moj, josh, sharechat, followers, avg_reach, avg_reel_reach, avg_story_reach, avg_post_reach, avg_views, avg_likes, avg_comments, avg_shares, avg_saves, engagement_rate, male_audience_pct, female_audience_pct, age_13_17_pct, age_18_24_pct, age_25_34_pct, age_35_44_pct, age_45_plus_pct, top_cities, top_states, top_countries, country, state, city, area, pincode, primary_lang, secondary_langs, tier, story_price, static_post_price, carousel_price, reel_price, youtube_integration_price, event_appearance_price, ugc_video_price, availability_status, content_quality_rating, communication_rating, professionalism_rating, reliability_rating, brand_fit_rating, notes, strengths, weaknesses, preferred_brands, brands_avoided, reach_score, engagement_score, content_quality_score, communication_score, campaign_performance_score, overall_score, overall_grade) VALUES ('inf_6', 'Amit Gowda', 'amit_gowda_cooking', 'amit.gowda@gmail.com', '+91 94812 34567', '1994-06-30', 'Male', 'Sharing traditional Karnataka recipes and Bangalore food guides. 100% vegetarian.', '', 'https://images.unsplash.com/photo-1542909168-82c3e7fdca5c?auto=format&fit=crop&w=150&h=150&q=80', 'amit_gowda_cooking', 'https://instagram.com/amit_gowda_cooking', 'AmitGowdaVegRecipes', 'https://youtube.com/c/AmitGowdaVegRecipes', '', '', '', '', '', '', '', '', '', '', 62000, 24000, 48000, 8500, 18000, 38000, 3600, 240, 1600, 1100, 6.2, 42, 58, 8, 35, 42, 12, 3, '["Bangalore","Mysore","Hubli"]', '["Karnataka"]', '["India"]', 'India', 'Karnataka', 'Bangalore', 'Malleshwaram', '560003', 'Kannada', '["English"]', 'Micro', 5000, 8000, 10000, 15000, 28000, 15000, 8000, 'Available', 8, 9, 8, 9, 9, 'Strong hyper-local presence in Bangalore. Excellent results for regional food and retail brands.', 'Fluent Kannada presentation, authentic traditional recipes, high-quality audio.', 'Mainly limited to regional/Karnataka audience.', 'MTR, Whole Foods Co, local eateries', 'Non-vegetarian brands, alcoholic beverages', 74, 93, 80, 90, 87, 85, 'A');
INSERT INTO influencer_categories (influencer_id, category) VALUES ('inf_6', 'Food');
INSERT INTO influencer_categories (influencer_id, category) VALUES ('inf_6', 'Lifestyle');
INSERT INTO influencer_categories (influencer_id, category) VALUES ('inf_6', 'Local Creator');
INSERT INTO influencer_languages (influencer_id, language) VALUES ('inf_6', 'Kannada');
INSERT INTO influencer_languages (influencer_id, language) VALUES ('inf_6', 'English');
INSERT INTO influencer_documents (id, influencer_id, doc_type, name, file_path) VALUES ('doc_1', 'inf_1', 'media_kit', 'Rohan Travels Media Kit.pdf', '/mock-documents/media_kit_1.pdf');
INSERT INTO influencer_documents (id, influencer_id, doc_type, name, file_path) VALUES ('doc_2', 'inf_3', 'rate_card', 'Kabir Techs Rate Card 2026.pdf', '/mock-documents/rate_card_3.pdf');
INSERT INTO influencer_lists (id, name, description, created_by) VALUES ('lst_1', 'Bangalore Food Creators', 'Food bloggers based out of Bengaluru.', 'usr_3');
INSERT INTO influencer_lists (id, name, description, created_by) VALUES ('lst_2', 'Premium Tech Reviewers', 'Top tech reviewers with high engagement.', 'usr_3');
INSERT INTO influencer_list_members (list_id, influencer_id) VALUES ('lst_1', 'inf_6');
INSERT INTO influencer_list_members (list_id, influencer_id) VALUES ('lst_2', 'inf_3');
INSERT INTO campaigns (id, name, brand_id, type, budget, start_date, end_date, deliverables, objectives, stage) VALUES ('cmp_1', 'OnePlus 12 Launch Campaign', 'brd_2', 'Unboxing & Review', 500000, '2026-07-01', '2026-07-30', '1 YouTube Integration (10+ min), 1 Instagram Reel (OOTD format or tech transition), 1 Story set.', 'Drive pre-orders for the OnePlus 12. Highlight the 100W fast charging and Hasselblad camera system.', 'Planning');
INSERT INTO campaigns (id, name, brand_id, type, budget, start_date, end_date, deliverables, objectives, stage) VALUES ('cmp_2', 'Zara Summer Trends 2026', 'brd_3', 'Fashion Haul', 150000, '2026-06-10', '2026-06-25', '1 Instagram Carousel post, 1 Instagram Reel showing 3 summer outfits, 2 Stories with links.', 'Showcase Zara''s new linen summer wear. Target young females in metro cities.', 'Running');
INSERT INTO campaigns (id, name, brand_id, type, budget, start_date, end_date, deliverables, objectives, stage) VALUES ('cmp_3', 'Nike Run Club Promotion', 'brd_1', 'Fitness Challenge', 300000, '2026-08-01', '2026-08-31', 'Weekly Reels (4 total) participating in the Nike Run Challenge, 1 Event appearance.', 'Increase downloads for the Nike Run Club app in India. Focus on lifestyle running.', 'Negotiation');
INSERT INTO campaigns (id, name, brand_id, type, budget, start_date, end_date, deliverables, objectives, stage) VALUES ('cmp_4', 'Whole Foods Organic Cooking Vlogs', 'brd_4', 'Barter Recipe Promo', 20000, '2026-06-01', '2026-06-20', '2 Instagram Reels showing organic recipe preparation, tagging Whole Foods. 3 Story frames.', 'Highlight the quality of organic cooking ingredients. Drive traffic to the Indiranagar store.', 'Completed');
INSERT INTO campaign_influencers (campaign_id, influencer_id, status, reach_generated, views_generated, engagement_generated, payment_amount, invoice_status, deliverables_completed) VALUES ('cmp_1', 'inf_3', 'Negotiating', 0, 0, 0, 180000, 'Pending', '');
INSERT INTO campaign_influencers (campaign_id, influencer_id, status, reach_generated, views_generated, engagement_generated, payment_amount, invoice_status, deliverables_completed) VALUES ('cmp_1', 'inf_1', 'Approved', 0, 0, 0, 60000, 'Pending', '');
INSERT INTO campaign_influencers (campaign_id, influencer_id, status, reach_generated, views_generated, engagement_generated, payment_amount, invoice_status, deliverables_completed) VALUES ('cmp_2', 'inf_2', 'Running', 12000, 18000, 950, 18000, 'Invoiced', 'https://instagram.com/p/C_zara_summer_priya');
INSERT INTO campaign_influencers (campaign_id, influencer_id, status, reach_generated, views_generated, engagement_generated, payment_amount, invoice_status, deliverables_completed) VALUES ('cmp_2', 'inf_4', 'Running', 25000, 38000, 2100, 25000, 'Pending', 'https://instagram.com/p/C_zara_style_sneha');
INSERT INTO campaign_influencers (campaign_id, influencer_id, status, reach_generated, views_generated, engagement_generated, payment_amount, invoice_status, deliverables_completed) VALUES ('cmp_4', 'inf_6', 'Deliverables Completed', 45000, 52000, 3200, 15000, 'Paid', 'https://instagram.com/p/C_wf_recipe_amit');
INSERT INTO payments (id, campaign_id, influencer_id, brand_id, amount, type, status, due_date, paid_date, invoice_url, notes) VALUES ('pay_1', 'cmp_2', NULL, 'brd_3', 150000, 'brand_payment', 'Pending', '2026-06-30', NULL, '/invoices/zara_invoice_summer_2026.pdf', 'Awaiting final deliverables verification before release.');
INSERT INTO payments (id, campaign_id, influencer_id, brand_id, amount, type, status, due_date, paid_date, invoice_url, notes) VALUES ('pay_2', 'cmp_4', NULL, 'brd_4', 20000, 'brand_payment', 'Completed', '2026-06-15', '2026-06-14', '/invoices/wf_invoice_organic.pdf', 'Payment cleared via net banking.');
INSERT INTO payments (id, campaign_id, influencer_id, brand_id, amount, type, status, due_date, paid_date, invoice_url, notes) VALUES ('pay_3', 'cmp_4', 'inf_6', NULL, 15000, 'influencer_payout', 'Completed', '2026-06-25', '2026-06-20', '/invoices/amit_gowda_payout_wf.pdf', 'Paid for recipe reels.');
INSERT INTO payments (id, campaign_id, influencer_id, brand_id, amount, type, status, due_date, paid_date, invoice_url, notes) VALUES ('pay_4', 'cmp_2', 'inf_2', NULL, 18000, 'influencer_payout', 'Pending', '2026-06-28', NULL, '/invoices/priya_zara_invoice.pdf', 'Will release payout immediately after final campaign report approval.');
INSERT INTO activities (id, influencer_id, brand_id, campaign_id, type, content, created_by, created_at) VALUES ('act_1', 'inf_1', NULL, NULL, 'whatsapp', 'Sent initial outreach regarding upcoming travel camera campaign. Rohan responded saying he is available in July.', 'usr_3', '2026-06-15 10:30:00');
INSERT INTO activities (id, influencer_id, brand_id, campaign_id, type, content, created_by, created_at) VALUES ('act_2', 'inf_3', NULL, 'cmp_1', 'call', 'Briefed Kabir on the OnePlus 12 launch campaign. Discussed pricing; he agreed to do the YouTube integration for 1.8L (down from 2L) if contract signed by June 20.', 'usr_3', '2026-06-16 14:15:00');
INSERT INTO activities (id, influencer_id, brand_id, campaign_id, type, content, created_by, created_at) VALUES ('act_3', NULL, 'brd_3', 'cmp_2', 'meeting', 'Met with Zara marketing team to present drafts from Priya and Sneha. They approved both drafts with minor caption tweaks.', 'usr_2', '2026-06-17 11:00:00');
INSERT INTO activities (id, influencer_id, brand_id, campaign_id, type, content, created_by, created_at) VALUES ('act_4', 'inf_6', NULL, 'cmp_4', 'follow_up', 'Sent final payment confirmation receipt to Amit Gowda. He confirmed receipt and expressed interest in future barter collaborations.', 'usr_3', '2026-06-18 16:45:00');
INSERT INTO notes (id, influencer_id, brand_id, content, created_by) VALUES ('nte_1', 'inf_1', NULL, 'Responds best via WhatsApp. Prefers payments via direct bank transfer.', 'usr_3');
INSERT INTO notes (id, influencer_id, brand_id, content, created_by) VALUES ('nte_2', NULL, 'brd_1', 'Strict requirements regarding trademark and logo usage. Always get legal review on Nike contracts.', 'usr_2');